0	/american_football/football_coach/coaching_history./american_football/football_historical_coach_position/position
1	/american_football/football_coach/coaching_history./american_football/football_historical_coach_position/team
2	/american_football/football_coach_position/coaches_holding_this_position./american_football/football_historical_coach_position/coach
3	/american_football/football_coach_position/coaches_holding_this_position./american_football/football_historical_coach_position/team
4	/american_football/football_player/current_team./american_football/football_roster_position/position
5	/american_football/football_player/current_team./american_football/football_roster_position/team
6	/american_football/football_player/current_team./sports/sports_team_roster/team
7	/american_football/football_player/former_teams./american_football/football_historical_roster_position/position_s
8	/american_football/football_player/former_teams./american_football/football_historical_roster_position/team
9	/american_football/football_player/former_teams./sports/sports_team_roster/position
10	/american_football/football_player/former_teams./sports/sports_team_roster/team
11	/american_football/football_player/games./american_football/player_game_statistics/season
12	/american_football/football_player/games./american_football/player_game_statistics/team
13	/american_football/football_player/passing./american_football/player_passing_statistics/season
14	/american_football/football_player/passing./american_football/player_passing_statistics/team
15	/american_football/football_player/position_s
16	/american_football/football_player/receiving./american_football/player_receiving_statistics/season
17	/american_football/football_player/receiving./american_football/player_receiving_statistics/team
18	/american_football/football_player/rushing./american_football/player_rushing_statistics/season
19	/american_football/football_player/rushing./american_football/player_rushing_statistics/team
20	/american_football/football_position/players
21	/american_football/football_team/current_roster./american_football/football_roster_position/player
22	/american_football/football_team/current_roster./american_football/football_roster_position/position
23	/american_football/football_team/current_roster./sports/sports_team_roster/player
24	/american_football/football_team/current_roster./sports/sports_team_roster/position
25	/american_football/football_team/historical_coaching_staff./american_football/football_historical_coach_position/coach
26	/american_football/football_team/historical_coaching_staff./american_football/football_historical_coach_position/position
27	/american_football/football_team/historical_roster./american_football/football_historical_roster_position/player
28	/american_football/football_team/historical_roster./american_football/football_historical_roster_position/position_s
29	/american_football/football_team/historical_roster./sports/sports_team_roster/player
30	/american_football/football_team/historical_roster./sports/sports_team_roster/position
31	/architecture/architect/architectural_style
32	/architecture/architect/structures_designed
33	/architecture/architectural_structure_owner/structures_owned./architecture/ownership/structure
34	/architecture/architectural_style/architects
35	/architecture/architectural_style/examples
36	/architecture/building/building_function
37	/architecture/building_function/buildings
38	/architecture/museum/address./location/mailing_address/citytown
39	/architecture/museum/address./location/mailing_address/state_province_region
40	/architecture/museum/type_of_museum
41	/architecture/structure/address./location/mailing_address/citytown
42	/architecture/structure/address./location/mailing_address/state_province_region
43	/architecture/structure/architect
44	/architecture/structure/architectural_style
45	/architecture/structure/construction_cost./measurement_unit/money_value/currency
46	/architecture/structure/owner./architecture/ownership/owner
47	/architecture/type_of_museum/museums
48	/astronomy/celestial_object/category
49	/astronomy/celestial_object_category/objects
50	/astronomy/orbital_relationship/orbited_by
51	/astronomy/orbital_relationship/orbits
52	/astronomy/star_system/planetary_system
53	/astronomy/star_system_body/star_system
54	/aviation/aircraft_manufacturer/aircraft_models_made
55	/aviation/aircraft_model/aircraft_type
56	/aviation/aircraft_model/number_owned_by./aviation/aircraft_ownership_count/aircraft_owner
57	/aviation/aircraft_owner/aircraft_fleet_composition./aviation/aircraft_ownership_count/aircraft_model
58	/aviation/aircraft_type/aircraft_of_this_type
59	/aviation/airline/airports_served./aviation/airline_airport_presence/airport
60	/aviation/airline/airports_served./aviation/airline_airport_presence/cities_served
61	/aviation/airline/alliance
62	/aviation/airline/focus_cities
63	/aviation/airline/hubs
64	/aviation/airline_alliance/member_airlines
65	/aviation/airliner_accident/flight_destination
66	/aviation/airport/airlines./aviation/airline_airport_presence/airline
67	/aviation/airport/airlines./aviation/airline_airport_presence/cities_served
68	/aviation/airport/focus_city_for
69	/aviation/airport/hub_for
70	/aviation/airport/serves
71	/award/award/category
72	/award/award/presented_by
73	/award/award_category/category_of
74	/award/award_category/disciplines_or_subjects
75	/award/award_category/long_lists./award/long_list_nomination/nominee
76	/award/award_category/nominees./award/award_nomination/award_nominee
77	/award/award_category/nominees./award/award_nomination/nominated_for
78	/award/award_category/presenting_organization
79	/award/award_category/winners./award/award_honor/award_winner
80	/award/award_category/winners./award/award_honor/ceremony
81	/award/award_category/winners./award/award_honor/honored_for
82	/award/award_ceremony/awards_presented./award/award_honor/award
83	/award/award_ceremony/awards_presented./award/award_honor/award_winner
84	/award/award_ceremony/awards_presented./award/award_honor/honored_for
85	/award/award_discipline/awards_in_this_discipline
86	/award/award_nominated_work/award_nominations./award/award_nomination/award
87	/award/award_nominated_work/award_nominations./award/award_nomination/award_nominee
88	/award/award_nominated_work/award_nominations./award/award_nomination/nominated_for
89	/award/award_nominee/award_nominations./award/award_nomination/award
90	/award/award_nominee/award_nominations./award/award_nomination/award_nominee
91	/award/award_nominee/award_nominations./award/award_nomination/nominated_for
92	/award/award_presenting_organization/award_categories_presented
93	/award/award_presenting_organization/awards_presented
94	/award/award_winner/awards_won./award/award_honor/award
95	/award/award_winner/awards_won./award/award_honor/award_winner
96	/award/award_winner/awards_won./award/award_honor/ceremony
97	/award/award_winner/awards_won./award/award_honor/honored_for
98	/award/award_winning_work/awards_won./award/award_honor/award
99	/award/award_winning_work/awards_won./award/award_honor/award_winner
100	/award/award_winning_work/awards_won./award/award_honor/ceremony
101	/award/award_winning_work/awards_won./award/award_honor/honored_for
102	/award/competition/instance_of_recurring_competition
103	/award/hall_of_fame/discipline
104	/award/hall_of_fame/inductees./award/hall_of_fame_induction/inductee
105	/award/hall_of_fame_discipline/halls_of_fame
106	/award/hall_of_fame_inductee/hall_of_fame_inductions./award/hall_of_fame_induction/category
107	/award/hall_of_fame_inductee/hall_of_fame_inductions./award/hall_of_fame_induction/hall_of_fame
108	/award/hall_of_fame_induction_category/inductees./award/hall_of_fame_induction/inductee
109	/award/long_list_nominee/long_list_nominations./award/long_list_nomination/award
110	/award/ranked_item/appears_in_ranked_lists./award/ranking/list
111	/award/ranked_list/ranked_list_items./award/ranking/item
112	/award/recurring_competition/individual_competitions
113	/base/aareas/schema/administrative_area/administrative_area_type
114	/base/aareas/schema/administrative_area/administrative_children
115	/base/aareas/schema/administrative_area/administrative_parent
116	/base/aareas/schema/administrative_area/capital
117	/base/academyawards/host_of_oscar_show/oscar_show_hosted
118	/base/activism/activism_issue/activist_organizations
119	/base/activism/activism_issue/activists
120	/base/activism/activist/area_of_activism
121	/base/activism/organization/area_of_activism
122	/base/americancomedy/celebrity_impressionist/celebrities_impersonated
123	/base/americancomedy/comedian/comedy_genres
124	/base/americancomedy/comedy_genre/comedians_in_this_genre
125	/base/americancomedy/comedy_group/members./base/americancomedy/comedy_group_membership/member
126	/base/americancomedy/comedy_group_member/belongs_to./base/americancomedy/comedy_group_membership/group
127	/base/americancomedy/impersonated_celebrity/impersonated_by
128	/base/argumentmaps/abstract_moral_dispute/particular_instances
129	/base/argumentmaps/innovator/original_ideas
130	/base/argumentmaps/morally_disputed_activity/instance_of_abstract_moral_dispute
131	/base/argumentmaps/original_idea/innovator
132	/base/biblioness/bibs_location/city
133	/base/biblioness/bibs_location/country
134	/base/biblioness/bibs_location/state
135	/base/bioventurist/bv_medical_condition/company_involved
136	/base/bioventurist/science_or_technology_company/develops_treatments_for_disease
137	/base/collectives/collective/members./base/collectives/collective_membership/member
138	/base/collectives/collective_member/member_of./base/collectives/collective_membership/collective
139	/base/contractbridge/bridge_player/first_place_finish./base/contractbridge/bridge_tournament_standings/first_place
140	/base/contractbridge/bridge_player/first_place_finish./base/contractbridge/bridge_tournament_standings/second_place
141	/base/contractbridge/bridge_player/first_place_finish./base/contractbridge/bridge_tournament_standings/tournament
142	/base/contractbridge/bridge_player/second_place_finish./base/contractbridge/bridge_tournament_standings/first_place
143	/base/contractbridge/bridge_player/second_place_finish./base/contractbridge/bridge_tournament_standings/second_place
144	/base/contractbridge/bridge_player/second_place_finish./base/contractbridge/bridge_tournament_standings/tournament
145	/base/contractbridge/bridge_player/teammates./base/contractbridge/bridge_player_teammates/teammate
146	/base/contractbridge/bridge_tournament/standing./base/contractbridge/bridge_tournament_standings/first_place
147	/base/contractbridge/bridge_tournament/standing./base/contractbridge/bridge_tournament_standings/second_place
148	/base/crime/convicted_criminal/convictions./base/crime/criminal_conviction/guilty_of
149	/base/crime/convicted_criminal/convictions./base/crime/criminal_conviction/sentence_type
150	/base/crime/crime/victim_s
151	/base/crime/crime_victim/crime
152	/base/crime/crime_victim/crime_type
153	/base/culturalevent/event/entity_involved
154	/base/disaster2/tactic/attacks_of_this_form./base/disaster2/attack_process/attack_event
155	/base/eating/diets/people_who_follow_this_diet
156	/base/eating/practicer_of_diet/diet
157	/base/ecology/ecosystem/ecosystem_members
158	/base/ecology/food_web_member/belongs_to_ecosystem_s
159	/base/endorsements/endorsee/newspaper_endorsements./base/endorsements/newspaper_endorsement/newspaper
160	/base/endorsements/endorsing_newspaper/endorsements./base/endorsements/newspaper_endorsement/election
161	/base/endorsements/endorsing_newspaper/endorsements./base/endorsements/newspaper_endorsement/endorsee
162	/base/events/festival_series/type_of_festival
163	/base/events/performer/performances./base/events/performance/performer
164	/base/events/type_of_festival/recurring_festivals_of_this_type
165	/base/famouspets/pet_owner/pets_owned./base/famouspets/pet_ownership/owner
166	/base/fashionmodels/fashion_model/hair_color
167	/base/fashionmodels/hair_color/fashion_models_with_this_hair_color
168	/base/fight/crime_type/included_in_crimes
169	/base/fight/crime_type/includes_crimes
170	/base/fight/crime_type/people_convicted_of_this_crime./base/crime/criminal_conviction/convicted_person
171	/base/fight/crime_type/people_convicted_of_this_crime./base/crime/criminal_conviction/guilty_of
172	/base/fight/crime_type/victims_of_this_crime_type
173	/base/fight/sentence/convictions./base/crime/criminal_conviction/convicted_person
174	/base/fight/sports_official/sport
175	/base/folklore/mythical_creature/mythology
176	/base/folklore/mythology/mythical_creatures
177	/base/infrastructure/power_plant_type/power_station
178	/base/infrastructure/power_station/fuel_type
179	/base/localfood/food_producing_region/seasonal_availability./base/localfood/produce_availability/produce
180	/base/localfood/produce/availability./base/localfood/produce_availability/location
181	/base/localfood/produce/availability./base/localfood/produce_availability/seasonal_months
182	/base/localfood/seasonal_month/produce_available./base/localfood/produce_availability/produce
183	/base/localfood/seasonal_month/produce_available./base/localfood/produce_availability/seasonal_months
184	/base/locations/continents/countries_within
185	/base/locations/countries/continent
186	/base/marchmadness/ncaa_basketball_team/ncaa_tournament_seeds./base/marchmadness/ncaa_tournament_seed/tournament
187	/base/marchmadness/ncaa_basketball_tournament/seeds./base/marchmadness/ncaa_tournament_seed/team
188	/base/newsevents/news_reported_event/news_report_s./base/newsevents/news_report/news_reporting_organisation
189	/base/newsevents/news_reporting_organisation/news_reports./base/newsevents/news_report/event
190	/base/nobelprizes/nobel_prize_winner/nobel_honor./base/nobelprizes/nobel_honor/subject_area
191	/base/nobelprizes/nobel_subject_area/nobel_awards./base/nobelprizes/nobel_honor/nobel_prize_winner
192	/base/nobelprizes/nobel_subject_area/nobel_awards./base/nobelprizes/nobel_honor/subject_area
193	/base/onephylogeny/type_of_thing/included_in
194	/base/onephylogeny/type_of_thing/includes
195	/base/onephylogeny/type_of_thing/things_of_this_type
196	/base/parody/parodied_subject/parodies
197	/base/parody/parody/parody_of
198	/base/patronage/client/related_patron./base/patronage/patron_client_relationship/patron
199	/base/patronage/patron/related_client./base/patronage/patron_client_relationship/client
200	/base/petbreeds/city_with_dogs/top_breeds./base/petbreeds/dog_city_relationship/dog_breed
201	/base/petbreeds/dog_breed/cities_where_this_dog_is_popular./base/petbreeds/dog_city_relationship/cities
202	/base/petbreeds/dog_breed/color
203	/base/petbreeds/dog_breed/group
204	/base/petbreeds/dog_breed/size./base/petbreeds/dog_size/gender
205	/base/petbreeds/dog_breed_group/dog_breeds
206	/base/petbreeds/dog_coat_color/dog_breeds
207	/base/popstra/business_location/customer./base/popstra/hangout/customer
208	/base/popstra/celebrity/bought./base/popstra/product_choice/product
209	/base/popstra/celebrity/breakup./base/popstra/breakup/participant
210	/base/popstra/celebrity/canoodled./base/popstra/canoodled/participant
211	/base/popstra/celebrity/dated./base/popstra/dated/participant
212	/base/popstra/celebrity/eats_at./base/popstra/restaurant_choice/restaurant
213	/base/popstra/celebrity/endorsements./base/popstra/paid_support/company
214	/base/popstra/celebrity/friendship./base/popstra/friendship/participant
215	/base/popstra/celebrity/hangout./base/popstra/hangout/business_location
216	/base/popstra/celebrity/lived_with./base/popstra/lived_with/participant
217	/base/popstra/celebrity/religion./base/popstra/religion_choice/religion
218	/base/popstra/celebrity/shops_at./base/popstra/shopping_choice/company
219	/base/popstra/celebrity/supporter./base/popstra/support/supported_organization
220	/base/popstra/celebrity/vacations_in./base/popstra/vacation_choice/location
221	/base/popstra/celebrity/wears./base/popstra/fashion_choice/designer
222	/base/popstra/company/fashion_choice./base/popstra/fashion_choice/fashion_wearer
223	/base/popstra/company/product_endorser./base/popstra/paid_support/endorser
224	/base/popstra/company/shopping_choice./base/popstra/shopping_choice/shopper
225	/base/popstra/location/vacationers./base/popstra/vacation_choice/vacationer
226	/base/popstra/organization/supporter./base/popstra/support/supporter
227	/base/popstra/product/sold_to./base/popstra/product_choice/consumer
228	/base/popstra/religion/membership./base/popstra/religion_choice/member
229	/base/popstra/restaurant/restaurant_choice./base/popstra/restaurant_choice/diner
230	/base/rugby/rugby_player/type_of_rugby
231	/base/saints/saint/venerated_in
232	/base/saturdaynightlive/snl_cast_member/seasons./base/saturdaynightlive/snl_season_tenure/cast_members
233	/base/schemastaging/athlete_extra/salary./base/schemastaging/athlete_salary/currency
234	/base/schemastaging/athlete_extra/salary./base/schemastaging/athlete_salary/team
235	/base/schemastaging/fish/found_in
236	/base/schemastaging/organization_extra/phone_number./base/schemastaging/phone_open_times/time_zone
237	/base/schemastaging/organization_extra/phone_number./base/schemastaging/phone_sandbox/contact_category
238	/base/schemastaging/organization_extra/phone_number./base/schemastaging/phone_sandbox/product_or_service
239	/base/schemastaging/organization_extra/phone_number./base/schemastaging/phone_sandbox/service_language
240	/base/schemastaging/organization_extra/phone_number./base/schemastaging/phone_sandbox/service_location
241	/base/schemastaging/person_extra/net_worth./measurement_unit/dated_money_value/currency
242	/base/schemastaging/person_extra/net_worth./measurement_unit/dated_money_value/source
243	/base/schemastaging/tv_actor_extra/regular_dubbing_performances./base/schemastaging/tv_star_dubbing_performance/character
244	/base/schemastaging/tv_actor_extra/regular_dubbing_performances./base/schemastaging/tv_star_dubbing_performance/language
245	/base/schemastaging/tv_actor_extra/regular_dubbing_performances./base/schemastaging/tv_star_dubbing_performance/program
246	/base/schemastaging/tv_character_extra/regular_dubbing_performances./base/schemastaging/tv_star_dubbing_performance/actor
247	/base/schemastaging/tv_character_extra/regular_dubbing_performances./base/schemastaging/tv_star_dubbing_performance/language
248	/base/schemastaging/tv_character_extra/regular_dubbing_performances./base/schemastaging/tv_star_dubbing_performance/program
249	/base/schemastaging/tv_program_extra/regular_dubbing_performances./base/schemastaging/tv_star_dubbing_performance/actor
250	/base/schemastaging/tv_program_extra/regular_dubbing_performances./base/schemastaging/tv_star_dubbing_performance/character
251	/base/schemastaging/tv_program_extra/regular_dubbing_performances./base/schemastaging/tv_star_dubbing_performance/language
252	/base/thoroughbredracing/thoroughbred_racehorse/color
253	/base/thoroughbredracing/thoroughbred_racehorse/country
254	/base/thoroughbredracing/thoroughbred_racehorse/sex
255	/base/thoroughbredracing/thoroughbred_racehorse_color/horses_of_this_color
256	/base/thoroughbredracing/thoroughbred_racehorse_origin/horses_from_this_location
257	/base/thoroughbredracing/thoroughbred_racehorse_sex/horses_of_this_sex
258	/base/twinnedtowns/twinned_town/twinned_with./base/twinnedtowns/town_twinning/twinned_towns
259	/base/usnationalparks/us_national_park/state
260	/base/wrestling/professional_wrestler/member_of_team
261	/base/wrestling/solo_wrestler_or_team/members
262	/base/x2010fifaworldcupsouthafrica/world_cup_participant/world_cup_team./base/x2010fifaworldcupsouthafrica/current_world_cup_squad/current_club
263	/base/x2010fifaworldcupsouthafrica/world_cup_participant/world_cup_team./base/x2010fifaworldcupsouthafrica/current_world_cup_squad/national_team
264	/base/x2010fifaworldcupsouthafrica/world_cup_participant/world_cup_team./base/x2010fifaworldcupsouthafrica/current_world_cup_squad/position
265	/base/x2010fifaworldcupsouthafrica/world_cup_squad/current_world_cup_squad./base/x2010fifaworldcupsouthafrica/current_world_cup_squad/current_club
266	/base/x2010fifaworldcupsouthafrica/world_cup_squad/current_world_cup_squad./base/x2010fifaworldcupsouthafrica/current_world_cup_squad/players
267	/base/x2010fifaworldcupsouthafrica/world_cup_squad/current_world_cup_squad./base/x2010fifaworldcupsouthafrica/current_world_cup_squad/position
268	/base/yalebase/secret_society/notable_members./base/yalebase/secret_society_membership/member
269	/base/yalebase/secret_society_member/belonged_to./base/yalebase/secret_society_membership/society
270	/baseball/baseball_league/teams
271	/baseball/baseball_player/batting_stats./baseball/batting_statistics/season
272	/baseball/baseball_player/batting_stats./baseball/batting_statistics/team
273	/baseball/baseball_player/current_team./baseball/baseball_roster_position/position
274	/baseball/baseball_player/current_team./baseball/baseball_roster_position/team
275	/baseball/baseball_player/current_team./sports/sports_team_roster/position
276	/baseball/baseball_player/current_team./sports/sports_team_roster/team
277	/baseball/baseball_player/former_teams./baseball/baseball_historical_roster_position/team
278	/baseball/baseball_player/former_teams./sports/sports_team_roster/team
279	/baseball/baseball_player/lifetime_batting_statistics./baseball/lifetime_batting_statistics/ending_season
280	/baseball/baseball_player/lifetime_batting_statistics./baseball/lifetime_batting_statistics/last_statistics_season
281	/baseball/baseball_player/lifetime_batting_statistics./baseball/lifetime_batting_statistics/starting_season
282	/baseball/baseball_player/position_s
283	/baseball/baseball_position/players
284	/baseball/baseball_team/current_roster./baseball/baseball_roster_position/player
285	/baseball/baseball_team/current_roster./baseball/baseball_roster_position/position
286	/baseball/baseball_team/current_roster./sports/sports_team_roster/player
287	/baseball/baseball_team/current_roster./sports/sports_team_roster/position
288	/baseball/baseball_team/historical_roster./baseball/baseball_historical_roster_position/player
289	/baseball/baseball_team/historical_roster./sports/sports_team_roster/player
290	/baseball/baseball_team/league
291	/baseball/baseball_team/team_stats./baseball/baseball_team_stats/season
292	/basketball/basketball_player/former_teams./basketball/basketball_historical_roster_position/team
293	/basketball/basketball_player/former_teams./sports/sports_team_roster/team
294	/basketball/basketball_player/player_statistics./basketball/basketball_player_stats/team
295	/basketball/basketball_player/position_s
296	/basketball/basketball_player/team./basketball/basketball_roster_position/position
297	/basketball/basketball_player/team./basketball/basketball_roster_position/team
298	/basketball/basketball_player/team./sports/sports_team_roster/position
299	/basketball/basketball_player/team./sports/sports_team_roster/team
300	/basketball/basketball_position/player_roster_position./basketball/basketball_roster_position/player
301	/basketball/basketball_position/player_roster_position./basketball/basketball_roster_position/team
302	/basketball/basketball_position/player_roster_position./sports/sports_team_roster/player
303	/basketball/basketball_position/player_roster_position./sports/sports_team_roster/team
304	/basketball/basketball_position/players
305	/basketball/basketball_team/historical_roster./basketball/basketball_historical_roster_position/player
306	/basketball/basketball_team/historical_roster./sports/sports_team_roster/player
307	/basketball/basketball_team/roster./basketball/basketball_roster_position/player
308	/basketball/basketball_team/roster./basketball/basketball_roster_position/position
309	/basketball/basketball_team/roster./sports/sports_team_roster/player
310	/basketball/basketball_team/roster./sports/sports_team_roster/position
311	/biology/animal_breed/breed_of
312	/biology/animal_breed/place_of_origin
313	/biology/animal_breed/registered_with./biology/breed_registration/breed_group
314	/biology/animal_breed/registered_with./biology/breed_registration/registry
315	/biology/breed_group/breeds_in_this_group./biology/breed_registration/breed
316	/biology/breed_origin/breeds_originating_here
317	/biology/breed_registry/recognized_breeds./biology/breed_registration/breed
318	/biology/domesticated_animal/breeds
319	/biology/organism/organism_type
320	/biology/organism/sex
321	/biology/organism_classification/higher_classification
322	/biology/organism_classification/lower_classifications
323	/biology/organism_classification/organisms_of_this_type
324	/biology/organism_classification/rank
325	/biology/organism_classification_rank/organism_classifications
326	/book/author/school_or_movement
327	/book/author/series_written_or_contributed_to
328	/book/author/works_written
329	/book/book/genre
330	/book/book_subject/works
331	/book/literary_series/author_s
332	/book/magazine/genre
333	/book/magazine_genre/magazines_in_this_genre
334	/book/newspaper/circulation_areas
335	/book/newspaper/headquarters./location/mailing_address/citytown
336	/book/newspaper/headquarters./location/mailing_address/state_province_region
337	/book/newspaper/owner
338	/book/newspaper_owner/newspapers_owned
339	/book/periodical/publisher./book/periodical_publisher_period/publisher
340	/book/periodical/subjects
341	/book/periodical_format/periodicals_in_this_format./book/periodical_format_period/periodical
342	/book/periodical_publisher/periodicals_published./book/periodical_publisher_period/periodical
343	/book/periodical_subject/periodicals
344	/book/school_or_movement/associated_authors
345	/book/written_work/author
346	/book/written_work/original_language
347	/book/written_work/subjects
348	/broadcast/artist/content
349	/broadcast/broadcast/area_served
350	/broadcast/broadcast/content
351	/broadcast/broadcast/distributor
352	/broadcast/content/artist
353	/broadcast/content/broadcast
354	/broadcast/content/genre
355	/broadcast/content/language
356	/broadcast/content/location
357	/broadcast/content/producer
358	/broadcast/distributor/distributes
359	/broadcast/genre/content
360	/broadcast/producer/produces
361	/broadcast/radio_format/stations
362	/broadcast/radio_station/format
363	/broadcast/radio_station/owner
364	/broadcast/radio_station_owner/radio_stations
365	/broadcast/tv_station/owner
366	/broadcast/tv_station_owner/tv_stations
367	/business/asset/owners./business/asset_ownership/owner
368	/business/asset_owner/assets_owned./business/asset_ownership/owned_asset
369	/business/board_member/leader_of./organization/leadership/organization
370	/business/board_member/leader_of./organization/leadership/role
371	/business/board_member/organization_board_memberships./organization/organization_board_membership/organization
372	/business/board_member/organization_board_memberships./organization/organization_board_membership/role
373	/business/brand/owner_s./business/company_brand_relationship/company
374	/business/business_operation/assets./measurement_unit/dated_money_value/currency
375	/business/business_operation/cash./measurement_unit/dated_money_value/currency
376	/business/business_operation/current_assets./measurement_unit/dated_money_value/currency
377	/business/business_operation/current_liabilities./measurement_unit/dated_money_value/currency
378	/business/business_operation/industry
379	/business/business_operation/liabilities./measurement_unit/dated_money_value/currency
380	/business/business_operation/net_profit./measurement_unit/dated_money_value/currency
381	/business/business_operation/operating_income./measurement_unit/dated_money_value/currency
382	/business/business_operation/retained_earnings./measurement_unit/dated_money_value/currency
383	/business/business_operation/revenue./measurement_unit/dated_money_value/currency
384	/business/company_type/companies_of_this_type
385	/business/consumer_company/brands./business/company_brand_relationship/brand
386	/business/consumer_company/products./business/company_product_relationship/consumer_product
387	/business/consumer_product/company./business/company_product_relationship/company
388	/business/employer/employees./business/employment_tenure/person
389	/business/employer/employees./business/employment_tenure/title
390	/business/industry/companies
391	/business/job_title/people_with_this_title./business/employment_tenure/company
392	/business/job_title/people_with_this_title./business/employment_tenure/person
393	/business/sponsor/sponsorship./business/sponsorship/sponsored_recipient
394	/business/sponsored_recipient/sponsorship./business/sponsorship/sponsored_by
395	/celebrities/celebrity/celebrity_friends./celebrities/friendship/friend
396	/celebrities/celebrity/sexual_orientation./celebrities/sexual_orientation_phase/sexual_orientation
397	/celebrities/celebrity/sexual_relationships./celebrities/romantic_relationship/celebrity
398	/celebrities/sexual_orientation/celebrities./celebrities/sexual_orientation_phase/celebrity
399	/chemistry/chemical_compound/solubility./chemistry/solubility_relationship/solvent
400	/comic_books/comic_book_character/created_by
401	/comic_books/comic_book_character/primary_universe
402	/comic_books/comic_book_character/regular_featured_appearances
403	/comic_books/comic_book_creator/characters_created
404	/comic_books/comic_book_creator/series_created
405	/comic_books/comic_book_fictional_universe/characters_primarily_appearing_in_this_universe
406	/comic_books/comic_book_publisher/comic_book_series_published
407	/comic_books/comic_book_series/created_by
408	/comic_books/comic_book_series/featured_characters
409	/comic_books/comic_book_series/publisher
410	/common/annotation_category/annotations
411	/common/annotation_category/annotations./common/webpage/topic
412	/common/resource/annotations./common/webpage/category
413	/common/resource/annotations./common/webpage/topic
414	/common/topic/subject_of
415	/common/topic/subjects
416	/common/topic/webpage./common/webpage/category
417	/common/topic/webpage./common/webpage/resource
418	/common/topic/webpage./common/webpage/topic
419	/common/webpage/category
420	/common/webpage/topic
421	/computer/computer/compatible_oses./computer/os_compatibility/operating_system
422	/computer/computer/manufacturer
423	/computer/computer_manufacturer_brand/computer_models
424	/computer/operating_system/developer
425	/computer/operating_system/includes_os_versions
426	/computer/operating_system/parent_os
427	/computer/operating_system_developer/operating_systems_developed
428	/computer/programming_language/dialects
429	/computer/programming_language/influenced
430	/computer/programming_language/influenced_by
431	/computer/programming_language/language_designers
432	/computer/programming_language/language_paradigms
433	/computer/programming_language/parent_language
434	/computer/programming_language_designer/languages_designed
435	/computer/programming_language_paradigm/languages
436	/computer/software/compatible_oses./computer/software_compatibility/operating_system
437	/computer/software/developer
438	/computer/software/languages_used
439	/computer/software/license
440	/computer/software/software_genre
441	/computer/software_developer/software
442	/computer/software_genre/software_in_genre
443	/cvg/computer_game_subject/games
444	/cvg/computer_videogame/characters./cvg/game_performance/character
445	/cvg/computer_videogame/characters./cvg/game_performance/voice_actor
446	/cvg/computer_videogame/cvg_genre
447	/cvg/computer_videogame/designers
448	/cvg/computer_videogame/developer
449	/cvg/computer_videogame/game_series
450	/cvg/computer_videogame/gameplay_modes
451	/cvg/computer_videogame/prequel
452	/cvg/computer_videogame/publisher
453	/cvg/computer_videogame/sequel
454	/cvg/computer_videogame/subjects
455	/cvg/cvg_designer/games_designed
456	/cvg/cvg_developer/games_developed
457	/cvg/cvg_genre/games
458	/cvg/cvg_publisher/games_published
459	/cvg/game_character/games./cvg/game_performance/game
460	/cvg/game_character/games./cvg/game_performance/voice_actor
461	/cvg/game_series/games_in_series
462	/cvg/game_voice_actor/computer_game_voice_performances./cvg/game_performance/character
463	/cvg/game_voice_actor/computer_game_voice_performances./cvg/game_performance/game
464	/cvg/gameplay_mode/games_with_this_mode
465	/dataworld/gardening_hint/split_to
466	/dining/cuisine/dishes
467	/dining/cuisine/ingredients
468	/dining/cuisine/restaurant
469	/dining/restaurant/cuisine
470	/education/academic/advisees
471	/education/academic/advisors
472	/education/academic/appointments_fellowships_etc./education/academic_post/institution
473	/education/academic/research_areas
474	/education/academic_institution/visiting_scholars_fellows_etc./education/academic_post/person
475	/education/educational_degree/people_with_this_degree./education/education/institution
476	/education/educational_degree/people_with_this_degree./education/education/major_field_of_study
477	/education/educational_degree/people_with_this_degree./education/education/minor
478	/education/educational_degree/people_with_this_degree./education/education/specialization
479	/education/educational_degree/people_with_this_degree./education/education/student
480	/education/educational_institution/campuses
481	/education/educational_institution/colors
482	/education/educational_institution/mascot
483	/education/educational_institution/parent_institution
484	/education/educational_institution/school_type
485	/education/educational_institution/sexes_accepted./education/gender_enrollment/sex
486	/education/educational_institution/sports_teams
487	/education/educational_institution/students_graduates./education/education/degree
488	/education/educational_institution/students_graduates./education/education/major_field_of_study
489	/education/educational_institution/students_graduates./education/education/minor
490	/education/educational_institution/students_graduates./education/education/specialization
491	/education/educational_institution/students_graduates./education/education/student
492	/education/educational_institution/subsidiary_or_constituent_schools
493	/education/educational_institution_campus/educational_institution
494	/education/field_of_study/academics_in_this_field
495	/education/field_of_study/students_majoring./education/education/degree
496	/education/field_of_study/students_majoring./education/education/institution
497	/education/field_of_study/students_majoring./education/education/major_field_of_study
498	/education/field_of_study/students_majoring./education/education/minor
499	/education/field_of_study/students_majoring./education/education/specialization
500	/education/field_of_study/students_majoring./education/education/student
501	/education/field_of_study/subdiscipline_of
502	/education/field_of_study/subdisciplines
503	/education/fraternity_sorority/colleges_and_universities
504	/education/fraternity_sorority/colors
505	/education/fraternity_sorority/founded_location
506	/education/school/highest_grade_taught
507	/education/school/lowest_grade_taught
508	/education/school/school_district
509	/education/school_category/schools_of_this_kind
510	/education/school_district/locations_served
511	/education/school_district/schools
512	/education/school_mascot/school
513	/education/university/domestic_tuition./measurement_unit/dated_money_value/currency
514	/education/university/fraternities_and_sororities
515	/education/university/international_tuition./measurement_unit/dated_money_value/currency
516	/education/university/local_tuition./measurement_unit/dated_money_value/currency
517	/exhibitions/exhibition_sponsor/exhibitions_sponsored./exhibitions/exhibition_run/sponsor
518	/exhibitions/exhibition_sponsor/exhibitions_sponsored./exhibitions/exhibition_run/venue
519	/exhibitions/exhibition_venue/exhibitions_at_this_venue./exhibitions/exhibition_run/sponsor
520	/fictional_universe/character_gender/characters_of_this_gender
521	/fictional_universe/character_occupation/characters_with_this_occupation
522	/fictional_universe/character_powers/characters_with_this_ability
523	/fictional_universe/character_rank/characters_of_this_rank
524	/fictional_universe/character_species/characters_of_this_species
525	/fictional_universe/ethnicity_in_fiction/characters_of_this_ethnicity
526	/fictional_universe/fictional_character/appears_in_these_fictional_universes
527	/fictional_universe/fictional_character/based_on
528	/fictional_universe/fictional_character/character_created_by
529	/fictional_universe/fictional_character/children
530	/fictional_universe/fictional_character/employers./fictional_universe/fictional_employment_tenure/title
531	/fictional_universe/fictional_character/ethnicity
532	/fictional_universe/fictional_character/gender
533	/fictional_universe/fictional_character/married_to./fictional_universe/marriage_of_fictional_characters/spouses
534	/fictional_universe/fictional_character/occupation
535	/fictional_universe/fictional_character/parents
536	/fictional_universe/fictional_character/place_of_birth
537	/fictional_universe/fictional_character/powers_or_abilities
538	/fictional_universe/fictional_character/rank
539	/fictional_universe/fictional_character/romantically_involved_with./fictional_universe/romantic_involvement/partner
540	/fictional_universe/fictional_character/siblings./fictional_universe/sibling_relationship_of_fictional_characters/siblings
541	/fictional_universe/fictional_character/species
542	/fictional_universe/fictional_character_creator/fictional_characters_created
543	/fictional_universe/fictional_job_title/fictional_characters_with_this_job./fictional_universe/fictional_employment_tenure/employee
544	/fictional_universe/fictional_setting/fictional_characters_born_here
545	/fictional_universe/fictional_setting/works_set_here
546	/fictional_universe/fictional_universe/characters
547	/fictional_universe/fictional_universe/works_set_here
548	/fictional_universe/person_in_fiction/representations_in_fiction
549	/fictional_universe/work_of_fiction/part_of_these_fictional_universes
550	/fictional_universe/work_of_fiction/setting
551	/film/actor/dubbing_performances./film/dubbing_performance/character
552	/film/actor/dubbing_performances./film/dubbing_performance/film
553	/film/actor/dubbing_performances./film/dubbing_performance/language
554	/film/actor/film./film/performance/character
555	/film/actor/film./film/performance/film
556	/film/actor/film./film/performance/special_performance_type
557	/film/cinematographer/film
558	/film/director/film
559	/film/editor/film
560	/film/film/cinematography
561	/film/film/costume_design_by
562	/film/film/country
563	/film/film/directed_by
564	/film/film/distributors./film/film_film_distributor_relationship/distributor
565	/film/film/distributors./film/film_film_distributor_relationship/film_distribution_medium
566	/film/film/distributors./film/film_film_distributor_relationship/region
567	/film/film/dubbing_performances./film/dubbing_performance/actor
568	/film/film/dubbing_performances./film/dubbing_performance/character
569	/film/film/dubbing_performances./film/dubbing_performance/language
570	/film/film/edited_by
571	/film/film/estimated_budget./measurement_unit/dated_money_value/currency
572	/film/film/executive_produced_by
573	/film/film/featured_film_locations
574	/film/film/film_art_direction_by
575	/film/film/film_casting_director
576	/film/film/film_festivals
577	/film/film/film_format
578	/film/film/film_production_design_by
579	/film/film/film_series
580	/film/film/film_set_decoration_by
581	/film/film/genre
582	/film/film/gross_revenue./measurement_unit/dated_money_value/currency
583	/film/film/language
584	/film/film/music
585	/film/film/other_crew./film/film_crew_gig/crewmember
586	/film/film/other_crew./film/film_crew_gig/film_crew_role
587	/film/film/other_film_companies./film/film_film_company_relationship/film_company
588	/film/film/personal_appearances./film/personal_film_appearance/person
589	/film/film/personal_appearances./film/personal_film_appearance/type_of_appearance
590	/film/film/prequel
591	/film/film/produced_by
592	/film/film/production_companies
593	/film/film/release_date_s./film/film_regional_release_date/film_regional_debut_venue
594	/film/film/release_date_s./film/film_regional_release_date/film_release_distribution_medium
595	/film/film/release_date_s./film/film_regional_release_date/film_release_region
596	/film/film/runtime./film/film_cut/film_release_region
597	/film/film/runtime./film/film_cut/type_of_film_cut
598	/film/film/sequel
599	/film/film/starring./film/performance/actor
600	/film/film/starring./film/performance/character
601	/film/film/starring./film/performance/special_performance_type
602	/film/film/story_by
603	/film/film/subjects
604	/film/film/written_by
605	/film/film_art_director/films_art_directed
606	/film/film_casting_director/films_casting_directed
607	/film/film_character/portrayed_in_films./film/performance/actor
608	/film/film_character/portrayed_in_films./film/performance/film
609	/film/film_character/portrayed_in_films./film/performance/special_performance_type
610	/film/film_character/portrayed_in_films_dubbed./film/dubbing_performance/actor
611	/film/film_character/portrayed_in_films_dubbed./film/dubbing_performance/film
612	/film/film_character/portrayed_in_films_dubbed./film/dubbing_performance/language
613	/film/film_company/films./film/film_film_company_relationship/film
614	/film/film_costumer_designer/costume_design_for_film
615	/film/film_crewmember/films_crewed./film/film_crew_gig/film
616	/film/film_crewmember/films_crewed./film/film_crew_gig/film_crew_role
617	/film/film_distribution_medium/films_distributed_in_this_medium./film/film_film_distributor_relationship/film
618	/film/film_distributor/films_distributed./film/film_film_distributor_relationship/film
619	/film/film_featured_song/performed_by
620	/film/film_festival/individual_festivals
621	/film/film_festival/location
622	/film/film_festival_event/festival
623	/film/film_festival_event/films
624	/film/film_format/film_format
625	/film/film_genre/films_in_this_genre
626	/film/film_job/films_with_this_crew_job./film/film_crew_gig/crewmember
627	/film/film_job/films_with_this_crew_job./film/film_crew_gig/film
628	/film/film_location/featured_in_films
629	/film/film_production_designer/films_production_designed
630	/film/film_series/films_in_series
631	/film/film_set_designer/film_sets_designed
632	/film/film_story_contributor/film_story_credits
633	/film/film_subject/films
634	/film/music_contributor/film
635	/film/person_or_entity_appearing_in_film/films./film/personal_film_appearance/film
636	/film/person_or_entity_appearing_in_film/films./film/personal_film_appearance/type_of_appearance
637	/film/personal_film_appearance_type/film_appearances./film/personal_film_appearance/film
638	/film/personal_film_appearance_type/film_appearances./film/personal_film_appearance/person
639	/film/producer/film
640	/film/producer/films_executive_produced
641	/film/production_company/films
642	/film/special_film_performance_type/film_performance_type./film/performance/actor
643	/film/special_film_performance_type/film_performance_type./film/performance/character
644	/film/special_film_performance_type/film_performance_type./film/performance/film
645	/film/writer/film
646	/finance/currency/countries_formerly_used
647	/finance/currency/countries_used
648	/food/diet/followers
649	/food/diet_follower/follows_diet
650	/food/dietary_restriction/compatible_ingredients
651	/food/dietary_restriction/incompatible_ingredients
652	/food/dish/cuisine
653	/food/dish/ingredients
654	/food/food/nutrients./food/nutrition_fact/nutrient
655	/food/ingredient/compatible_with_dietary_restrictions
656	/food/ingredient/cuisine
657	/food/ingredient/dishes
658	/food/ingredient/incompatible_with_dietary_restrictions
659	/games/game_genre/boardgames
660	/geography/body_of_water/islands
661	/geography/geographical_feature/category
662	/geography/geographical_feature_category/features
663	/geography/island/body_of_water
664	/geography/island/island_group
665	/geography/island_group/islands_in_group
666	/geography/lake/basin_countries
667	/geography/lake/cities
668	/geography/lake/lake_type
669	/geography/lake_type/lakes_of_this_type
670	/geography/river/basin_countries
671	/geography/river/cities
672	/geography/river/mouth
673	/government/election/office
674	/government/form_of_government/countries
675	/government/government_agency/jurisdiction
676	/government/government_office_category/officeholders./government/government_position_held/appointed_by
677	/government/government_office_category/officeholders./government/government_position_held/district_represented
678	/government/government_office_category/officeholders./government/government_position_held/governmental_body
679	/government/government_office_category/officeholders./government/government_position_held/jurisdiction_of_office
680	/government/government_office_category/officeholders./government/government_position_held/legislative_sessions
681	/government/government_office_category/officeholders./government/government_position_held/office_holder
682	/government/government_office_category/officeholders./government/government_position_held/office_position_or_title
683	/government/government_office_category/offices
684	/government/government_office_or_title/category
685	/government/government_office_or_title/governmental_body_if_any
686	/government/government_office_or_title/jurisdiction
687	/government/government_office_or_title/office_holders./government/government_position_held/appointed_by
688	/government/government_office_or_title/office_holders./government/government_position_held/basic_title
689	/government/government_office_or_title/office_holders./government/government_position_held/governmental_body
690	/government/government_office_or_title/office_holders./government/government_position_held/jurisdiction_of_office
691	/government/government_office_or_title/office_holders./government/government_position_held/legislative_sessions
692	/government/government_office_or_title/office_holders./government/government_position_held/office_holder
693	/government/governmental_body/body_this_is_a_component_of
694	/government/governmental_body/component_bodies
695	/government/governmental_body/jurisdiction
696	/government/governmental_body/members./government/government_position_held/appointed_by
697	/government/governmental_body/members./government/government_position_held/basic_title
698	/government/governmental_body/members./government/government_position_held/district_represented
699	/government/governmental_body/members./government/government_position_held/jurisdiction_of_office
700	/government/governmental_body/members./government/government_position_held/legislative_sessions
701	/government/governmental_body/members./government/government_position_held/office_holder
702	/government/governmental_body/members./government/government_position_held/office_position_or_title
703	/government/governmental_body/offices_positions
704	/government/governmental_body/sessions
705	/government/governmental_jurisdiction/agencies
706	/government/governmental_jurisdiction/governing_officials./government/government_position_held/appointed_by
707	/government/governmental_jurisdiction/governing_officials./government/government_position_held/basic_title
708	/government/governmental_jurisdiction/governing_officials./government/government_position_held/district_represented
709	/government/governmental_jurisdiction/governing_officials./government/government_position_held/governmental_body
710	/government/governmental_jurisdiction/governing_officials./government/government_position_held/legislative_sessions
711	/government/governmental_jurisdiction/governing_officials./government/government_position_held/office_holder
712	/government/governmental_jurisdiction/governing_officials./government/government_position_held/office_position_or_title
713	/government/governmental_jurisdiction/government_bodies
714	/government/governmental_jurisdiction/government_positions
715	/government/governmental_jurisdiction/official_symbols./location/location_symbol_relationship/symbol
716	/government/legislative_session/legislature
717	/government/legislative_session/members./government/government_position_held/basic_title
718	/government/legislative_session/members./government/government_position_held/district_represented
719	/government/legislative_session/members./government/government_position_held/governmental_body
720	/government/legislative_session/members./government/government_position_held/jurisdiction_of_office
721	/government/legislative_session/members./government/government_position_held/legislative_sessions
722	/government/legislative_session/members./government/government_position_held/office_holder
723	/government/legislative_session/members./government/government_position_held/office_position_or_title
724	/government/political_appointer/appointees./government/government_position_held/basic_title
725	/government/political_appointer/appointees./government/government_position_held/governmental_body
726	/government/political_appointer/appointees./government/government_position_held/jurisdiction_of_office
727	/government/political_appointer/appointees./government/government_position_held/office_holder
728	/government/political_appointer/appointees./government/government_position_held/office_position_or_title
729	/government/political_district/representatives./government/government_position_held/basic_title
730	/government/political_district/representatives./government/government_position_held/governmental_body
731	/government/political_district/representatives./government/government_position_held/jurisdiction_of_office
732	/government/political_district/representatives./government/government_position_held/legislative_sessions
733	/government/political_district/representatives./government/government_position_held/office_holder
734	/government/political_ideology/political_parties
735	/government/political_party/ideology
736	/government/political_party/politicians_in_this_party./government/political_party_tenure/politician
737	/government/politician/government_positions_held./government/government_position_held/appointed_by
738	/government/politician/government_positions_held./government/government_position_held/basic_title
739	/government/politician/government_positions_held./government/government_position_held/district_represented
740	/government/politician/government_positions_held./government/government_position_held/governmental_body
741	/government/politician/government_positions_held./government/government_position_held/jurisdiction_of_office
742	/government/politician/government_positions_held./government/government_position_held/legislative_sessions
743	/government/politician/government_positions_held./government/government_position_held/office_position_or_title
744	/government/politician/party./government/political_party_tenure/party
745	/ice_hockey/hockey_player/current_team./ice_hockey/hockey_roster_position/position
746	/ice_hockey/hockey_player/current_team./ice_hockey/hockey_roster_position/team
747	/ice_hockey/hockey_player/current_team./sports/sports_team_roster/position
748	/ice_hockey/hockey_player/current_team./sports/sports_team_roster/team
749	/ice_hockey/hockey_player/former_team_s./ice_hockey/hockey_previous_roster_position/team
750	/ice_hockey/hockey_player/former_team_s./sports/sports_team_roster/team
751	/ice_hockey/hockey_player/hockey_position
752	/ice_hockey/hockey_position/players
753	/ice_hockey/hockey_team/current_roster./ice_hockey/hockey_roster_position/player
754	/ice_hockey/hockey_team/current_roster./ice_hockey/hockey_roster_position/position
755	/ice_hockey/hockey_team/current_roster./sports/sports_team_roster/player
756	/ice_hockey/hockey_team/current_roster./sports/sports_team_roster/position
757	/ice_hockey/hockey_team/historical_roster./ice_hockey/hockey_previous_roster_position/player
758	/ice_hockey/hockey_team/historical_roster./sports/sports_team_roster/player
759	/influence/influence_node/influenced
760	/influence/influence_node/influenced_by
761	/influence/influence_node/peers./influence/peer_relationship/peers
762	/interests/collection_category/parent_category
763	/interests/collection_category/sub_categories
764	/internet/website/category
765	/internet/website/owner_new./internet/website_ownership/owner
766	/internet/website_category/sites
767	/internet/website_owner/websites_owned_new./internet/website_ownership/website
768	/language/human_language/countries_spoken_in
769	/language/human_language/dialects
770	/language/human_language/language_family
771	/language/human_language/main_country
772	/language/human_language/region
773	/language/human_language/writing_system
774	/language/language_dialect/language
775	/language/language_family/languages
776	/language/language_writing_system/languages
777	/law/court/judges./law/judicial_tenure/judge
778	/law/invention/inventor
779	/law/inventor/inventions
780	/law/judge/courts./law/judicial_tenure/court
781	/location/administrative_division/capital./location/administrative_division_capital_relationship/capital
782	/location/administrative_division/country
783	/location/administrative_division/first_level_division_of
784	/location/administrative_division/second_level_division_of
785	/location/capital_of_administrative_division/capital_of./location/administrative_division_capital_relationship/administrative_division
786	/location/country/administrative_divisions
787	/location/country/capital
788	/location/country/currency_formerly_used
789	/location/country/currency_used
790	/location/country/first_level_divisions
791	/location/country/form_of_government
792	/location/country/languages_spoken
793	/location/country/official_language
794	/location/country/second_level_divisions
795	/location/hud_county_place/county
796	/location/hud_county_place/place
797	/location/hud_foreclosure_area/estimated_number_foreclosures./measurement_unit/dated_integer/source
798	/location/hud_foreclosure_area/estimated_number_of_mortgages./measurement_unit/dated_integer/source
799	/location/hud_foreclosure_area/hhuniv./measurement_unit/dated_integer/source
800	/location/hud_foreclosure_area/total_90_day_vacant_residential_addresses./measurement_unit/dated_integer/source
801	/location/hud_foreclosure_area/total_residential_addresses./measurement_unit/dated_integer/source
802	/location/it_province/capital
803	/location/location/adjoin_s./location/adjoining_relationship/adjoins
804	/location/location/containedby
805	/location/location/contains
806	/location/location/events
807	/location/location/nearby_airports
808	/location/location/partially_containedby
809	/location/location/partially_contains
810	/location/location/people_born_here
811	/location/location/street_address./location/mailing_address/citytown
812	/location/location/street_address./location/mailing_address/state_province_region
813	/location/location/time_zones
814	/location/neighborhood/neighborhood_of
815	/location/place_with_neighborhoods/neighborhoods
816	/location/statistical_region/gdp_nominal./measurement_unit/dated_money_value/currency
817	/location/statistical_region/gdp_nominal_per_capita./measurement_unit/dated_money_value/currency
818	/location/statistical_region/gdp_real./measurement_unit/adjusted_money_value/adjustment_currency
819	/location/statistical_region/gni_in_ppp_dollars./measurement_unit/dated_money_value/currency
820	/location/statistical_region/gni_per_capita_in_ppp_dollars./measurement_unit/dated_money_value/currency
821	/location/statistical_region/places_exported_to./location/imports_and_exports/exported_to
822	/location/statistical_region/places_imported_from./location/imports_and_exports/imported_from
823	/location/statistical_region/population./measurement_unit/dated_integer/source
824	/location/statistical_region/religions./location/religion_percentage/religion
825	/location/statistical_region/rent50_0./measurement_unit/dated_money_value/currency
826	/location/statistical_region/rent50_1./measurement_unit/dated_money_value/currency
827	/location/statistical_region/rent50_2./measurement_unit/dated_money_value/currency
828	/location/statistical_region/rent50_3./measurement_unit/dated_money_value/currency
829	/location/statistical_region/rent50_4./measurement_unit/dated_money_value/currency
830	/location/symbol_of_administrative_division/official_symbol_of./location/location_symbol_relationship/administrative_division
831	/location/us_county/county_seat
832	/location/us_county/hud_county_place
833	/martial_arts/martial_art/well_known_practitioner
834	/martial_arts/martial_artist/martial_art
835	/media_common/adaptation/adapted_from
836	/media_common/adapted_work/adaptations
837	/media_common/dedicated_work/dedication./media_common/dedication/dedicated_by
838	/media_common/dedicated_work/dedication./media_common/dedication/dedicated_to
839	/media_common/dedicatee/dedications./media_common/dedication/dedicated_by
840	/media_common/dedicatee/dedications./media_common/dedication/work_dedicated
841	/media_common/dedicator/dedications./media_common/dedication/dedicated_to
842	/media_common/dedicator/dedications./media_common/dedication/work_dedicated
843	/media_common/literary_genre/books_in_this_genre
844	/media_common/media_genre/child_genres
845	/media_common/media_genre/parent_genre
846	/media_common/netflix_genre/titles
847	/media_common/netflix_title/netflix_genres
848	/medicine/condition_prevention_factors/conditions_this_may_prevent
849	/medicine/disease/causes
850	/medicine/disease/includes_diseases
851	/medicine/disease/medical_specialties
852	/medicine/disease/notable_people_with_this_condition
853	/medicine/disease/parent_disease
854	/medicine/disease/prevention_factors
855	/medicine/disease/risk_factors
856	/medicine/disease/symptoms
857	/medicine/disease/treatments
858	/medicine/disease_cause/diseases
859	/medicine/drug/active_moieties
860	/medicine/drug/drug_class
861	/medicine/drug/legal_status
862	/medicine/drug_class/drugs
863	/medicine/drug_ingredient/active_moiety_of_drug
864	/medicine/drug_ingredient/more_general_ingredient
865	/medicine/drug_ingredient/more_specific_ingredient
866	/medicine/icd_9_cm_classification/includes_classifications
867	/medicine/icd_9_cm_classification/parent_classification
868	/medicine/infectious_disease/infectious_agent_type
869	/medicine/medical_specialty/diseases_treated
870	/medicine/medical_treatment/side_effects
871	/medicine/medical_treatment/used_to_treat
872	/medicine/notable_person_with_medical_condition/condition
873	/medicine/risk_factor/diseases
874	/medicine/symptom/side_effect_of
875	/medicine/symptom/symptom_of
876	/medicine/type_of_infectious_agent/diseases
877	/metropolitan_transit/transit_line/service_type
878	/metropolitan_transit/transit_service_type/transit_lines
879	/metropolitan_transit/transit_system/area_served
880	/military/armed_force/military_posts./military/military_post_use/military_post
881	/military/armed_force/personnel./military/military_service/military_person
882	/military/armed_force/personnel./military/military_service/rank
883	/military/military_combatant/casualties./military/casualties/military_conflict
884	/military/military_combatant/force_deployments./military/force_strength/combatant
885	/military/military_combatant/force_deployments./military/force_strength/military_conflict
886	/military/military_combatant/military_commanders./military/military_command/military_commander
887	/military/military_combatant/military_commanders./military/military_command/military_conflict
888	/military/military_combatant/military_conflicts./military/military_combatant_group/combatants
889	/military/military_combatant/military_conflicts./military/military_combatant_group/conflict
890	/military/military_commander/military_commands./military/military_command/military_combatant
891	/military/military_commander/military_commands./military/military_command/military_conflict
892	/military/military_conflict/casualties./military/casualties/combatant
893	/military/military_conflict/combatants./military/military_combatant_group/combatants
894	/military/military_conflict/commanders./military/military_command/military_combatant
895	/military/military_conflict/commanders./military/military_command/military_commander
896	/military/military_conflict/force_strengths./military/force_strength/combatant
897	/military/military_conflict/military_personnel_involved
898	/military/military_person/participated_in_conflicts
899	/military/military_person/service./military/military_service/military_force
900	/military/military_person/service./military/military_service/rank
901	/military/military_post/used_by_armed_forces./military/military_post_use/armed_force
902	/military/rank/used_by_services./military/military_service/military_force
903	/military/rank/used_by_services./military/military_service/military_person
904	/music/album/artist
905	/music/album/genre
906	/music/album_release_type/albums
907	/music/artist/album
908	/music/artist/contribution./music/recording_contribution/performance_role
909	/music/artist/genre
910	/music/artist/label
911	/music/artist/origin
912	/music/artist/supporting_artists
913	/music/artist/track_contributions./music/track_contribution/role
914	/music/concert_tour/artist
915	/music/conducted_ensemble/conductors./music/conducting_tenure/conductor
916	/music/conductor/groups./music/conducting_tenure/ensemble
917	/music/genre/albums
918	/music/genre/artists
919	/music/genre/parent_genre
920	/music/genre/subgenre
921	/music/group_member/artists_supported
922	/music/group_member/instruments_played
923	/music/group_member/membership./music/group_membership/group
924	/music/group_member/membership./music/group_membership/role
925	/music/group_member/vocal_range
926	/music/instrument/family
927	/music/instrument/instrumentalists
928	/music/instrument/variation
929	/music/musical_group/member./music/group_membership/member
930	/music/musical_group/member./music/group_membership/role
931	/music/performance_role/guest_performances./music/recording_contribution/contributor
932	/music/performance_role/guest_performances./music/recording_contribution/performance_role
933	/music/performance_role/regular_performances./music/group_membership/group
934	/music/performance_role/regular_performances./music/group_membership/member
935	/music/performance_role/regular_performances./music/group_membership/role
936	/music/performance_role/track_performances./music/track_contribution/contributor
937	/music/performance_role/track_performances./music/track_contribution/role
938	/music/record_label/artist
939	/music/voice/singers
940	/olympics/olympic_athlete/country./olympics/olympic_athlete_affiliation/country
941	/olympics/olympic_athlete/country./olympics/olympic_athlete_affiliation/olympics
942	/olympics/olympic_athlete/country./olympics/olympic_athlete_affiliation/sport
943	/olympics/olympic_athlete/medals_won./olympics/olympic_medal_honor/country
944	/olympics/olympic_athlete/medals_won./olympics/olympic_medal_honor/medal
945	/olympics/olympic_athlete/medals_won./olympics/olympic_medal_honor/medalist
946	/olympics/olympic_athlete/medals_won./olympics/olympic_medal_honor/olympics
947	/olympics/olympic_games/athletes./olympics/olympic_athlete_affiliation/athlete
948	/olympics/olympic_games/athletes./olympics/olympic_athlete_affiliation/country
949	/olympics/olympic_games/athletes./olympics/olympic_athlete_affiliation/sport
950	/olympics/olympic_games/medals_awarded./olympics/olympic_medal_honor/country
951	/olympics/olympic_games/medals_awarded./olympics/olympic_medal_honor/medal
952	/olympics/olympic_games/medals_awarded./olympics/olympic_medal_honor/medalist
953	/olympics/olympic_games/participating_countries
954	/olympics/olympic_games/sports
955	/olympics/olympic_medal/medal_winners./olympics/olympic_medal_honor/country
956	/olympics/olympic_medal/medal_winners./olympics/olympic_medal_honor/medalist
957	/olympics/olympic_medal/medal_winners./olympics/olympic_medal_honor/olympics
958	/olympics/olympic_participating_country/athletes./olympics/olympic_athlete_affiliation/athlete
959	/olympics/olympic_participating_country/athletes./olympics/olympic_athlete_affiliation/olympics
960	/olympics/olympic_participating_country/athletes./olympics/olympic_athlete_affiliation/sport
961	/olympics/olympic_participating_country/medals_won./olympics/olympic_medal_honor/medal
962	/olympics/olympic_participating_country/medals_won./olympics/olympic_medal_honor/medalist
963	/olympics/olympic_participating_country/medals_won./olympics/olympic_medal_honor/olympics
964	/olympics/olympic_participating_country/olympics_participated_in
965	/olympics/olympic_sport/athletes./olympics/olympic_athlete_affiliation/athlete
966	/olympics/olympic_sport/athletes./olympics/olympic_athlete_affiliation/country
967	/olympics/olympic_sport/athletes./olympics/olympic_athlete_affiliation/olympics
968	/olympics/olympic_sport/olympic_games_contested
969	/organization/endowed_organization/endowment./measurement_unit/dated_money_value/currency
970	/organization/membership_organization/members./organization/organization_membership/member
971	/organization/non_profit_organization/registered_with./organization/non_profit_registration/registering_agency
972	/organization/organization/acquired_by./business/acquisition/acquiring_company
973	/organization/organization/board_members./organization/organization_board_membership/member
974	/organization/organization/board_members./organization/organization_board_membership/role
975	/organization/organization/child./organization/organization_relationship/child
976	/organization/organization/companies_acquired./business/acquisition/company_acquired
977	/organization/organization/founders
978	/organization/organization/geographic_scope
979	/organization/organization/headquarters./location/mailing_address/citytown
980	/organization/organization/headquarters./location/mailing_address/country
981	/organization/organization/headquarters./location/mailing_address/state_province_region
982	/organization/organization/involved_in_merger./organization/organization_merger/became_organization
983	/organization/organization/involved_in_merger./organization/organization_merger/organizations_merging
984	/organization/organization/leadership./organization/leadership/person
985	/organization/organization/leadership./organization/leadership/role
986	/organization/organization/legal_structure
987	/organization/organization/organization_type
988	/organization/organization/parent./organization/organization_relationship/parent
989	/organization/organization/phone_number./common/phone_number/category
990	/organization/organization/phone_number./common/phone_number/service_location
991	/organization/organization/place_founded
992	/organization/organization/product_of_merger./organization/organization_merger/organizations_merging
993	/organization/organization/sectors
994	/organization/organization/spin_offs./organization/organization_spin_off/child_company
995	/organization/organization/spun_off_from./organization/organization_spin_off/parent_company
996	/organization/organization_founder/organizations_founded
997	/organization/organization_member/member_of./organization/organization_membership/organization
998	/organization/organization_scope/organizations_with_this_scope
999	/organization/organization_sector/organizations_in_this_sector
1000	/organization/organization_type/organizations_of_this_type
1001	/organization/role/governors./organization/organization_board_membership/member
1002	/organization/role/governors./organization/organization_board_membership/organization
1003	/organization/role/leaders./organization/leadership/organization
1004	/organization/role/leaders./organization/leadership/person
1005	/people/appointed_role/appointment./people/appointment/appointed_by
1006	/people/appointed_role/appointment./people/appointment/appointee
1007	/people/appointee/position./people/appointment/appointed_by
1008	/people/appointee/position./people/appointment/appointed_role
1009	/people/appointer/appointment_made./people/appointment/appointed_role
1010	/people/appointer/appointment_made./people/appointment/appointee
1011	/people/cause_of_death/includes_causes_of_death
1012	/people/cause_of_death/parent_cause_of_death
1013	/people/cause_of_death/people
1014	/people/deceased_person/cause_of_death
1015	/people/deceased_person/place_of_burial
1016	/people/deceased_person/place_of_cremation
1017	/people/deceased_person/place_of_death
1018	/people/ethnicity/geographic_distribution
1019	/people/ethnicity/included_in_group
1020	/people/ethnicity/includes_groups
1021	/people/ethnicity/languages_spoken
1022	/people/ethnicity/people
1023	/people/family/country
1024	/people/family/members
1025	/people/family_member/family
1026	/people/marriage_union_type/unions_of_this_type./people/marriage/location_of_ceremony
1027	/people/marriage_union_type/unions_of_this_type./people/marriage/spouse
1028	/people/person/children
1029	/people/person/education./education/education/degree
1030	/people/person/education./education/education/institution
1031	/people/person/education./education/education/major_field_of_study
1032	/people/person/employment_history./business/employment_tenure/company
1033	/people/person/employment_history./business/employment_tenure/title
1034	/people/person/ethnicity
1035	/people/person/gender
1036	/people/person/languages
1037	/people/person/nationality
1038	/people/person/parents
1039	/people/person/place_of_birth
1040	/people/person/places_lived./people/place_lived/location
1041	/people/person/profession
1042	/people/person/religion
1043	/people/person/sibling_s./people/sibling_relationship/sibling
1044	/people/person/spouse_s./people/marriage/location_of_ceremony
1045	/people/person/spouse_s./people/marriage/spouse
1046	/people/person/spouse_s./people/marriage/type_of_union
1047	/people/place_of_interment/interred_here
1048	/people/profession/people_with_this_profession
1049	/people/profession/specialization_of
1050	/people/profession/specializations
1051	/periodicals/newspaper_circulation_area/newspapers
1052	/projects/project_participant/projects./projects/project_participation/role
1053	/projects/project_role/projects./projects/project_participation/participant
1054	/protected_sites/governing_body_of_protected_sites/protected_sites_governed
1055	/protected_sites/iucn_category/protected_areas
1056	/protected_sites/listed_site/designation_as_natural_or_cultural_site./protected_sites/natural_or_cultural_site_listing/category_or_criteria
1057	/protected_sites/listed_site/designation_as_natural_or_cultural_site./protected_sites/natural_or_cultural_site_listing/designation
1058	/protected_sites/natural_or_cultural_site_designation/sites./protected_sites/natural_or_cultural_site_listing/listed_site
1059	/protected_sites/protected_site/iucn_category
1060	/protected_sites/site_listing_category/listed_sites./protected_sites/natural_or_cultural_site_listing/listed_site
1061	/religion/deity/deity_of
1062	/religion/place_of_worship/religion
1063	/religion/religion/deities
1064	/religion/religion/includes
1065	/religion/religion/is_part_of
1066	/religion/religion/notable_figures
1067	/religion/religion/organizations
1068	/religion/religion/places_of_worship
1069	/religion/religion/practices
1070	/religion/religion/texts
1071	/religion/religious_leader/religious_leadership./religion/religious_organization_leadership/organization
1072	/religion/religious_organization/associated_with
1073	/religion/religious_organization/leaders./religion/religious_organization_leadership/leader
1074	/religion/religious_practice/practice_of
1075	/religion/religious_text/religious_text_of
1076	/royalty/chivalric_order_member/belongs_to_order./royalty/chivalric_order_membership/order
1077	/royalty/kingdom/rulers
1078	/royalty/monarch/kingdom
1079	/royalty/monarch/royal_line
1080	/royalty/noble_person/titles./royalty/noble_title_tenure/noble_title
1081	/royalty/noble_title/holders./royalty/noble_title_tenure/noble_person
1082	/royalty/noble_title/noble_rank
1083	/royalty/noble_title/used_in./royalty/system_title_relationship/system
1084	/royalty/order_of_chivalry/recipients./royalty/chivalric_order_membership/recipient
1085	/royalty/royal_line/kingdom_s_ruled
1086	/royalty/royal_line/monarchs_from_this_line
1087	/royalty/system_of_nobility/titles./royalty/system_title_relationship/title
1088	/soccer/football_league/teams./soccer/football_league_participation/team
1089	/soccer/football_player/current_team./soccer/football_roster_position/position
1090	/soccer/football_player/current_team./soccer/football_roster_position/team
1091	/soccer/football_player/current_team./sports/sports_team_roster/position
1092	/soccer/football_player/current_team./sports/sports_team_roster/team
1093	/soccer/football_player/goals_scored./soccer/football_goal/point_awarded_to
1094	/soccer/football_player/matches_played./soccer/football_player_match_participation/team
1095	/soccer/football_player/position_s
1096	/soccer/football_position/players
1097	/soccer/football_team/current_roster./soccer/football_roster_position/player
1098	/soccer/football_team/current_roster./soccer/football_roster_position/position
1099	/soccer/football_team/current_roster./sports/sports_team_roster/player
1100	/soccer/football_team/current_roster./sports/sports_team_roster/position
1101	/soccer/football_team/league./soccer/football_league_participation/league
1102	/soccer/football_team/manager./soccer/football_team_management_tenure/manager
1103	/soccer/football_team_manager/team./soccer/football_team_management_tenure/team
1104	/spaceflight/space_agency/astronauts
1105	/sports/drafted_athlete/drafted./sports/sports_league_draft_pick/draft
1106	/sports/drafted_athlete/drafted./sports/sports_league_draft_pick/school
1107	/sports/drafted_athlete/drafted./sports/sports_league_draft_pick/team
1108	/sports/multi_event_tournament/sports
1109	/sports/pro_athlete/sports_played_professionally./sports/pro_sports_played/sport
1110	/sports/pro_athlete/teams./american_football/football_historical_roster_position/position_s
1111	/sports/pro_athlete/teams./american_football/football_historical_roster_position/team
1112	/sports/pro_athlete/teams./american_football/football_roster_position/position
1113	/sports/pro_athlete/teams./american_football/football_roster_position/team
1114	/sports/pro_athlete/teams./baseball/baseball_historical_roster_position/team
1115	/sports/pro_athlete/teams./baseball/baseball_roster_position/position
1116	/sports/pro_athlete/teams./baseball/baseball_roster_position/team
1117	/sports/pro_athlete/teams./basketball/basketball_historical_roster_position/team
1118	/sports/pro_athlete/teams./basketball/basketball_roster_position/position
1119	/sports/pro_athlete/teams./basketball/basketball_roster_position/team
1120	/sports/pro_athlete/teams./ice_hockey/hockey_previous_roster_position/team
1121	/sports/pro_athlete/teams./ice_hockey/hockey_roster_position/position
1122	/sports/pro_athlete/teams./ice_hockey/hockey_roster_position/team
1123	/sports/pro_athlete/teams./soccer/football_roster_position/position
1124	/sports/pro_athlete/teams./soccer/football_roster_position/team
1125	/sports/pro_athlete/teams./sports/sports_team_roster/position
1126	/sports/pro_athlete/teams./sports/sports_team_roster/team
1127	/sports/professional_sports_team/draft_picks./sports/sports_league_draft_pick/draft
1128	/sports/professional_sports_team/draft_picks./sports/sports_league_draft_pick/player
1129	/sports/professional_sports_team/draft_picks./sports/sports_league_draft_pick/school
1130	/sports/professional_sports_team/owner_s
1131	/sports/school_sports_team/school
1132	/sports/sport/leagues
1133	/sports/sport/officials
1134	/sports/sport/pro_athletes./sports/pro_sports_played/athlete
1135	/sports/sport/related_equipment
1136	/sports/sport/teams
1137	/sports/sport_country/athletic_performances./sports/competitor_competition_relationship/competitors
1138	/sports/sports_award_type/winners./sports/sports_award/award_winner
1139	/sports/sports_award_type/winners./sports/sports_award/season
1140	/sports/sports_award_winner/awards./sports/sports_award/award
1141	/sports/sports_award_winner/awards./sports/sports_award/season
1142	/sports/sports_award_winner/awards./sports/sports_award/team
1143	/sports/sports_championship/events
1144	/sports/sports_championship_event/champion
1145	/sports/sports_championship_event/championship
1146	/sports/sports_championship_event/runner_up
1147	/sports/sports_equipment/sport_used_for
1148	/sports/sports_facility/teams
1149	/sports/sports_league/sport
1150	/sports/sports_league/teams./sports/sports_league_participation/team
1151	/sports/sports_league_draft/picks./sports/sports_league_draft_pick/player
1152	/sports/sports_league_draft/picks./sports/sports_league_draft_pick/school
1153	/sports/sports_league_draft/picks./sports/sports_league_draft_pick/team
1154	/sports/sports_league_season/awards./sports/sports_award/award
1155	/sports/sports_league_season/awards./sports/sports_award/award_winner
1156	/sports/sports_official/sport
1157	/sports/sports_position/players./american_football/football_historical_roster_position/player
1158	/sports/sports_position/players./american_football/football_historical_roster_position/position_s
1159	/sports/sports_position/players./american_football/football_historical_roster_position/team
1160	/sports/sports_position/players./american_football/football_roster_position/team
1161	/sports/sports_position/players./baseball/baseball_roster_position/player
1162	/sports/sports_position/players./baseball/baseball_roster_position/team
1163	/sports/sports_position/players./basketball/basketball_roster_position/player
1164	/sports/sports_position/players./basketball/basketball_roster_position/team
1165	/sports/sports_position/players./ice_hockey/hockey_roster_position/player
1166	/sports/sports_position/players./ice_hockey/hockey_roster_position/team
1167	/sports/sports_position/players./soccer/football_roster_position/player
1168	/sports/sports_position/players./soccer/football_roster_position/team
1169	/sports/sports_position/players./sports/sports_team_roster/player
1170	/sports/sports_position/players./sports/sports_team_roster/position
1171	/sports/sports_position/players./sports/sports_team_roster/team
1172	/sports/sports_team/arena_stadium
1173	/sports/sports_team/championships
1174	/sports/sports_team/colors
1175	/sports/sports_team/league./sports/sports_league_participation/league
1176	/sports/sports_team/location
1177	/sports/sports_team/roster./american_football/football_historical_roster_position/player
1178	/sports/sports_team/roster./american_football/football_historical_roster_position/position_s
1179	/sports/sports_team/roster./american_football/football_roster_position/player
1180	/sports/sports_team/roster./american_football/football_roster_position/position
1181	/sports/sports_team/roster./baseball/baseball_historical_roster_position/player
1182	/sports/sports_team/roster./baseball/baseball_roster_position/player
1183	/sports/sports_team/roster./baseball/baseball_roster_position/position
1184	/sports/sports_team/roster./basketball/basketball_historical_roster_position/player
1185	/sports/sports_team/roster./basketball/basketball_roster_position/player
1186	/sports/sports_team/roster./basketball/basketball_roster_position/position
1187	/sports/sports_team/roster./ice_hockey/hockey_previous_roster_position/player
1188	/sports/sports_team/roster./ice_hockey/hockey_roster_position/player
1189	/sports/sports_team/roster./ice_hockey/hockey_roster_position/position
1190	/sports/sports_team/roster./soccer/football_roster_position/player
1191	/sports/sports_team/roster./soccer/football_roster_position/position
1192	/sports/sports_team/roster./sports/sports_team_roster/player
1193	/sports/sports_team/roster./sports/sports_team_roster/position
1194	/sports/sports_team/season_record./sports/sports_team_season_record/season
1195	/sports/sports_team/sport
1196	/sports/sports_team_location/teams
1197	/sports/sports_team_owner/teams_owned
1198	/sports/tournament_event_competitor/events_competed_in./sports/competitor_competition_relationship/country
1199	/symbols/name_source/namesakes
1200	/symbols/namesake/named_after
1201	/tennis/tennis_player/matches_lost./tennis/tennis_match/winner
1202	/tennis/tennis_player/matches_won./tennis/tennis_match/loser
1203	/tennis/tennis_tournament_champion/tennis_titles./tennis/tennis_tournament_championship/winner
1204	/theater/play/country_of_origin
1205	/theater/play/genre
1206	/theater/play/lyricist
1207	/theater/theater_actor/theater_roles./theater/theater_role/role
1208	/theater/theater_character/portrayed_by./theater/theater_role/actor
1209	/theater/theater_genre/plays_in_this_genre
1210	/theater/theatrical_lyricist/play_lyrics_written
1211	/time/event/included_in_event
1212	/time/event/includes_event
1213	/time/event/instance_of_recurring_event
1214	/time/event/locations
1215	/time/recurring_event/instances
1216	/time/time_zone/locations_in_this_time_zone
1217	/transportation/bridge/bridge_type
1218	/transportation/bridge/locale
1219	/transportation/bridge_type/bridges_of_this_type
1220	/transportation/road/end1./transportation/road_starting_point/location
1221	/transportation/road/end2./transportation/road_starting_point/location
1222	/transportation/road/major_cities
1223	/travel/tourist_attraction/near_travel_destination
1224	/travel/transport_operator/travel_destinations_served./travel/transportation/mode_of_transportation
1225	/travel/transport_operator/travel_destinations_served./travel/transportation/transport_operator
1226	/travel/transport_operator/travel_destinations_served./travel/transportation/travel_destination
1227	/travel/transport_terminus/travel_destinations_served./travel/transportation/mode_of_transportation
1228	/travel/transport_terminus/travel_destinations_served./travel/transportation/transport_terminus
1229	/travel/transport_terminus/travel_destinations_served./travel/transportation/travel_destination
1230	/travel/travel_destination/climate./travel/travel_destination_monthly_climate/month
1231	/travel/travel_destination/how_to_get_here./travel/transportation/mode_of_transportation
1232	/travel/travel_destination/how_to_get_here./travel/transportation/transport_operator
1233	/travel/travel_destination/how_to_get_here./travel/transportation/transport_terminus
1234	/travel/travel_destination/local_transportation
1235	/travel/travel_destination/tourist_attractions
1236	/tv/non_character_role/tv_guest_personal_appearances./tv/tv_guest_personal_appearance/person
1237	/tv/non_character_role/tv_regular_personal_appearances./tv/tv_regular_personal_appearance/person
1238	/tv/non_character_role/tv_regular_personal_appearances./tv/tv_regular_personal_appearance/program
1239	/tv/special_tv_performance_type/episode_performances./tv/tv_guest_role/actor
1240	/tv/special_tv_performance_type/starring_performances./tv/regular_tv_appearance/actor
1241	/tv/special_tv_performance_type/starring_performances./tv/regular_tv_appearance/character
1242	/tv/special_tv_performance_type/starring_performances./tv/regular_tv_appearance/series
1243	/tv/tv_actor/guest_roles./tv/tv_guest_role/character
1244	/tv/tv_actor/guest_roles./tv/tv_guest_role/episodes_appeared_in
1245	/tv/tv_actor/guest_roles./tv/tv_guest_role/special_performance_type
1246	/tv/tv_actor/starring_roles./tv/regular_tv_appearance/character
1247	/tv/tv_actor/starring_roles./tv/regular_tv_appearance/seasons
1248	/tv/tv_actor/starring_roles./tv/regular_tv_appearance/series
1249	/tv/tv_actor/starring_roles./tv/regular_tv_appearance/special_performance_type
1250	/tv/tv_character/appeared_in_tv_episodes./tv/tv_guest_role/actor
1251	/tv/tv_character/appeared_in_tv_program./tv/regular_tv_appearance/actor
1252	/tv/tv_character/appeared_in_tv_program./tv/regular_tv_appearance/series
1253	/tv/tv_character/appeared_in_tv_program./tv/regular_tv_appearance/special_performance_type
1254	/tv/tv_genre/programs
1255	/tv/tv_location/tv_shows_filmed_here
1256	/tv/tv_network/areas_served
1257	/tv/tv_network/programs./tv/tv_network_duration/program
1258	/tv/tv_personality/tv_regular_appearances./tv/tv_regular_personal_appearance/appearance_type
1259	/tv/tv_personality/tv_regular_appearances./tv/tv_regular_personal_appearance/program
1260	/tv/tv_producer/programs_produced./tv/tv_producer_term/producer_type
1261	/tv/tv_producer/programs_produced./tv/tv_producer_term/program
1262	/tv/tv_producer/tv_episodes_produced./tv/tv_producer_episode_credit/episode
1263	/tv/tv_producer_type/tv_producers_of_this_type./tv/tv_producer_term/producer
1264	/tv/tv_producer_type/tv_producers_of_this_type./tv/tv_producer_term/program
1265	/tv/tv_program/country_of_origin
1266	/tv/tv_program/episodes
1267	/tv/tv_program/filming_locations
1268	/tv/tv_program/genre
1269	/tv/tv_program/languages
1270	/tv/tv_program/original_network./tv/tv_network_duration/network
1271	/tv/tv_program/program_creator
1272	/tv/tv_program/recurring_writers./tv/tv_program_writer_relationship/writer
1273	/tv/tv_program/regular_cast./tv/regular_tv_appearance/actor
1274	/tv/tv_program/regular_cast./tv/regular_tv_appearance/character
1275	/tv/tv_program/regular_cast./tv/regular_tv_appearance/seasons
1276	/tv/tv_program/regular_cast./tv/regular_tv_appearance/special_performance_type
1277	/tv/tv_program/regular_personal_appearances./tv/tv_regular_personal_appearance/appearance_type
1278	/tv/tv_program/regular_personal_appearances./tv/tv_regular_personal_appearance/person
1279	/tv/tv_program/seasons
1280	/tv/tv_program/spin_offs
1281	/tv/tv_program/spun_off_from
1282	/tv/tv_program/subjects
1283	/tv/tv_program/tv_producer./tv/tv_producer_term/producer
1284	/tv/tv_program/tv_producer./tv/tv_producer_term/producer_type
1285	/tv/tv_program_creator/programs_created
1286	/tv/tv_program_guest/appeared_on./tv/tv_guest_personal_appearance/appearance_type
1287	/tv/tv_program_guest/appeared_on./tv/tv_guest_personal_appearance/episode
1288	/tv/tv_series_episode/guest_personal_appearances./tv/tv_guest_personal_appearance/person
1289	/tv/tv_series_episode/guest_stars./tv/tv_guest_role/actor
1290	/tv/tv_series_episode/producers./tv/tv_producer_episode_credit/producer
1291	/tv/tv_series_episode/series
1292	/tv/tv_series_episode/writer
1293	/tv/tv_series_season/regular_cast./tv/regular_tv_appearance/actor
1294	/tv/tv_series_season/regular_cast./tv/regular_tv_appearance/seasons
1295	/tv/tv_series_season/regular_cast./tv/regular_tv_appearance/series
1296	/tv/tv_series_season/series
1297	/tv/tv_subject/tv_programs
1298	/tv/tv_writer/episodes_written
1299	/tv/tv_writer/tv_programs./tv/tv_program_writer_relationship/tv_program
1300	/user/alexander/misc/murdered_person/place_murdered
1301	/user/alexander/philosophy/era/philosophers
1302	/user/alexander/philosophy/philosopher/era
1303	/user/alexander/philosophy/philosopher/interests
1304	/user/alexander/philosophy/subject/philosophers
1305	/user/alexbl/honorary_title/honorary_title/titled_people./user/alexbl/honorary_title/honorary_title_holding/conferred_upon
1306	/user/alexbl/honorary_title/titled_person/honorary_title./user/alexbl/honorary_title/honorary_title_holding/honorary_title
1307	/user/coco/science/concepts_theories/child_concept
1308	/user/coco/science/concepts_theories/parent_concept
1309	/user/hangy/default_domain/sports_team_gender/gender
1310	/user/jg/default_domain/olympic_games/sports
1311	/user/ktrueman/default_domain/international_organization/member_states
1312	/user/lindenb/default_domain/scientist/known_for
1313	/user/mt/default_domain/metabolite/associated_disorder
1314	/user/mt/default_domain/metabolite/biofluid_location
1315	/user/narphorium/people/wealthy_person/net_worth./measurement_unit/dated_money_value/currency
1316	/user/radiusrs/default_domain/astrology/related_topics
1317	/user/robert/military/military_person/participated_in_conflicts
1318	/user/robert/us_congress/congressional_caucus/current_house_members
1319	/user/robert/us_congress/congressional_district/state
1320	/user/robert/us_congress/house_committee/current_members
1321	/user/robert/us_congress/us_representative/committee_memberships
1322	/user/robert/us_congress/us_representative/congressional_caucus_memberships
1323	/user/robert/us_congress/us_representative/state
1324	/user/szaijan/fantasy_football/player/nfl_team
1325	/user/szaijan/fantasy_football/player/position
1326	/user/szaijan/fantasy_football/position/player
1327	/user/tfmorris/default_domain/document/signatories
1328	/user/tfmorris/default_domain/signatory/documents_signed
1329	/user/tsegaran/computer/algorithm/family
1330	/user/tsegaran/computer/algorithm_family/algorithm
1331	/user/tsegaran/random/subject_taxonomy/entry./user/tsegaran/random/taxonomy_entry/subject
1332	/user/tsegaran/random/taxonomy_subject/entry./user/tsegaran/random/taxonomy_entry/taxonomy
1333	/venture_capital/venture_funded_company/venture_investors./venture_capital/venture_investment/investor
1334	/venture_capital/venture_investor/investments./venture_capital/venture_investment/company
1335	/visual_art/art_period_movement/associated_artists
1336	/visual_art/art_subject/artwork_on_the_subject
1337	/visual_art/artwork/art_form
1338	/visual_art/artwork/art_genre
1339	/visual_art/artwork/art_subject
1340	/visual_art/visual_art_form/artists
1341	/visual_art/visual_art_form/artworks
1342	/visual_art/visual_art_genre/artworks
1343	/visual_art/visual_artist/art_forms
1344	/visual_art/visual_artist/associated_periods_or_movements
