0	parent
1	openingTheme
2	anthem
3	spouse
4	viceChancellor
5	lastAppearance
6	europeanParliamentGroup
7	largestSettlement
8	poleDriver
9	lowestRegion
10	mayor
11	subregion
12	league
13	timeZone
14	artery
15	subsidiary
16	usingCountry
17	nationality
18	leaderName
19	genus
20	firstWin
21	principalArea
22	domain
23	plant
24	guest
25	debutTeam
26	sourceConfluencePlace
27	relative
28	dean
29	sourceCountry
30	militaryBranch
31	ethnicity
32	languageRegulator
33	stateOfOrigin
34	doctoralAdvisor
35	managerClub
36	ceo
37	musicalArtist
38	thirdDriver
39	recordLabel
40	lastWin
41	genre
42	assembly
43	isPartOfMilitaryConflict
44	aircraftTransport
45	locatedInArea
46	webcast
47	grandsire
48	foundationPlace
49	saint
50	canonizedPlace
51	founder
52	programmeFormat
53	formerTeam
54	distributor
55	march
56	battle
57	partner
58	series
59	nextEvent
60	river
61	countryOrigin
62	ethnicGroup
63	firstDriverCountry
64	language
65	borough
66	denomination
67	institution
68	sourceMountain
69	deathPlace
70	taoiseach
71	internationalAffiliation
72	chairperson
73	bronzeMedalist
74	leftTributary
75	associatedBand
76	knownFor
77	unitaryAuthority
78	creativeDirector
79	vicePresident
80	authority
81	aircraftElectronic
82	mountainRange
83	party
84	child
85	militaryRank
86	origin
87	sisterNewspaper
88	subsequentWork
89	notableWork
90	instrument
91	training
92	branchFrom
93	voiceType
94	monarch
95	related
96	notableIdea
97	trainer
98	childOrganisation
99	company
100	photographer
101	followingEvent
102	compiler
103	class
104	lyrics
105	basedOn
106	owner
107	hometown
108	majorIsland
109	citizenship
110	prospectTeam
111	service
112	currentPartner
113	lowestMountain
114	developer
115	magazine
116	family
117	pastMember
118	president
119	promotion
120	illustrator
121	daylightSavingTimeZone
122	college
123	occupation
124	education
125	congressionalDistrict
126	channel
127	portrayer
128	launchSite
129	division
130	musicSubgenre
131	supplies
132	neighboringMunicipality
133	stadium
134	keyPerson
135	order
136	similar
137	wineRegion
138	director
139	canonizedBy
140	europeanAffiliation
141	ceremonialCounty
142	field
143	biome
144	metropolitanBorough
145	capitalRegion
146	coach
147	successor
148	city
149	breeder
150	engineType
151	grades
152	distributingCompany
153	manufacturer
154	government
155	era
156	whaDraftTeam
157	map
158	coachedTeam
159	product
160	creator
161	composer
162	governmentCountry
163	musicBy
164	chairman
165	picture
166	species
167	youthWing
168	thirdTeam
169	movement
170	routeEnd
171	governmentMountain
172	capital
173	placeOfBurial
174	notableCommander
175	notableStudent
176	choreographer
177	computingPlatform
178	subject
179	municipality
180	associate
181	largestCity
182	mouthMountain
183	significantDesign
184	employer
185	typeOfElectrification
186	residence
187	railwayRollingStock
188	border
189	author
190	cpu
191	equipment
192	goldMedalist
193	thirdCommander
194	parentCompany
195	license
196	secondTeam
197	archipelago
198	position
199	governor
200	regionalLanguage
201	mouthPlace
202	branchTo
203	prospectLeague
204	countySeat
205	lieutenancyArea
206	influenced
207	university
208	ideology
209	broadcastNetwork
210	homeStadium
211	architecturalStyle
212	rocketFunction
213	head
214	significantProject
215	victim
216	parentOrganisation
217	department
218	stylisticOrigin
219	highestMountain
220	owningCompany
221	intercommunality
222	secondDriver
223	otherParty
224	homeArena
225	narrator
226	significantBuilding
227	gameEngine
228	starring
229	canton
230	writer
231	sourceConfluenceMountain
232	sport
233	territory
234	splitFromParty
235	aircraftTrainer
236	lieutenant
237	arrondissement
238	county
239	secretaryGeneral
240	discipline
241	nonFictionSubject
242	aircraftPatrol
243	province
244	politicalPartyInLegislature
245	aircraftRecon
246	leaderParty
247	aircraftHelicopterAttack
248	primeMinister
249	state
250	brand
251	recordedIn
252	veneratedIn
253	sportGoverningBody
254	routeStart
255	philosophicalSchool
256	isPartOf
257	militaryUnit
258	beatifiedPlace
259	musicFusionGenre
260	parentMountainPeak
261	riverMouth
262	firstLeader
263	jurisdiction
264	coverArtist
265	industry
266	frazioni
267	predecessor
268	firstDriver
269	firstRace
270	governmentPlace
271	headquarter
272	schoolBoard
273	sisterStation
274	councilArea
275	builder
276	honours
277	currency
278	automobilePlatform
279	ingredient
280	manager
281	routeJunction
282	associatedAct
283	aircraftHelicopterMultirole
284	team
285	religion
286	commandStructure
287	aircraftBomber
288	sourceRegion
289	spokenIn
290	aircraftAttack
291	relatedMeanOfTransportation
292	animator
293	country
294	rector
295	fastestDriverCountry
296	source
297	operator
298	provost
299	affiliation
300	school
301	influencedBy
302	highestRegion
303	regionServed
304	languageFamily
305	campus
306	mediaType
307	almaMater
308	formerBroadcastNetwork
309	sourceConfluenceRegion
310	aircraftHelicopterUtility
311	mainInterest
312	chancellor
313	district
314	inflow
315	region
316	federalState
317	locationCity
318	populationPlace
319	rightTributary
320	officialLanguage
321	destination
322	distributingLabel
323	derivative
324	bandMember
325	house
326	jockey
327	musicalBand
328	managementMountain
329	usedInWar
330	literaryGenre
331	maintainedBy
332	varietals
333	patron
334	race
335	servingRailwayLine
336	mouthCountry
337	aircraftHelicopterTransport
338	editing
339	layout
340	formerBandMember
341	secondCommander
342	fastestDriver
343	hasJunctionWith
344	colour
345	associatedMusicalArtist
346	location
347	administrativeDistrict
348	athletics
349	leader
350	sisterCollege
351	highestState
352	localAuthority
353	managementPlace
354	binomialAuthority
355	musicComposer
356	type
357	operatingSystem
358	relation
359	locationCountry
360	fourthCommander
361	season
362	firstDriverTeam
363	tenant
364	profession
365	deputy
366	secondDriverCountry
367	mouthRegion
368	startPoint
369	bodyStyle
370	damsire
371	aircraftHelicopterCargo
372	formerCoach
373	sire
374	beatifiedBy
375	poleDriverTeam
376	gender
377	artist
378	sourceConfluenceState
379	architect
380	draftTeam
381	thirdDriverCountry
382	isPartOfWineRegion
383	beltwayCity
384	gameArtist
385	cinematography
386	vehicle
387	alumni
388	birthPlace
389	executiveProducer
390	previousEvent
391	place
392	event
393	foundedBy
394	doctoralStudent
395	majorShrine
396	editor
397	aircraftHelicopter
398	agency
399	governorGeneral
400	twinCountry
401	outflow
402	endPoint
403	hubAirport
404	governingBody
405	capitalCountry
406	formerChoreographer
407	board
408	showJudge
409	voice
410	ruralMunicipality
411	endingTheme
412	formerPartner
413	alliance
414	lastRace
415	lowestPlace
416	silverMedalist
417	fastestDriverTeam
418	dam
419	aircraftInterceptor
420	commander
421	owningOrganisation
422	designCompany
423	pictureFormat
424	bodyDiscovered
425	presenter
426	secondLeader
427	island
428	format
429	sourcePlace
430	person
431	producer
432	publisher
433	ground
434	growingGrape
435	appointer
436	poleDriverCountry
437	powerType
438	previousWork
439	nationalAffiliation
440	part
441	programmingLanguage
442	hasVariant
443	targetAirport
444	network
445	currentMember
446	award
447	billed
448	raceHorse
449	academicAdvisor
450	nominee
451	mergedIntoParty
452	aircraftFighter
453	broadcastArea
454	highestPlace
455	restingPlace
456	album
457	sourceConfluence
458	twinTown
459	designer
460	kingdom
461	nearestCity
462	governmentType
463	phylum
464	garrison
465	politicalPartyOfLeader
466	category
467	rival
468	deathCause
469	mainOrgan
